datalabel,metric,KNN,LogReg,DecisionTree,RandomForest,NaiveBayes
cleveland_heart,mean,0.8170000000000001,0.8290000000000001,0.7759999999999999,0.821,0.809
cleveland_heart,std,0.035,0.035,0.046,0.039,0.039
cleveland_heart_men,mean,0.7759999999999999,0.7879999999999999,0.743,0.7859999999999999,0.794
cleveland_heart_men,std,0.044000000000000004,0.043,0.052000000000000005,0.04,0.047
cleveland_heart_women,mean,0.9109999999999999,0.897,0.813,0.898,0.9109999999999999
cleveland_heart_women,std,0.040999999999999995,0.04,0.07200000000000001,0.049,0.045
cleveland_heart_drop_sex,mean,0.759,0.774,0.754,0.767,0.8029999999999999
cleveland_heart_drop_sex,std,0.026000000000000002,0.025,0.025,0.025,0.036000000000000004
