datalabel,metric,KNN,LogReg,RandomForest,NaiveBayes
cleveland_heart,mean,0.8170000000000001,0.8290000000000001,0.821,0.809
cleveland_heart,std,0.035,0.035,0.039,0.039
cleveland_heart_men,mean,0.7759999999999999,0.7879999999999999,0.7859999999999999,0.794
cleveland_heart_men,std,0.044,0.043,0.04,0.047
cleveland_heart_women,mean,0.911,0.897,0.898,0.911
cleveland_heart_women,std,0.041,0.04,0.049,0.045
cleveland_heart_drop_sex,mean,0.759,0.774,0.767,0.8029999999999999
cleveland_heart_drop_sex,std,0.026,0.025,0.025,0.036000000000000004
