datalabel,metric,KNN,LogReg,DecisionTree,RandomForest,NaiveBayes
cleveland_heart,mean,0.8190000000000001,0.8370000000000001,0.7959999999999999,0.8220000000000001,0.825
cleveland_heart,std,0.034,0.028999999999999998,0.042,0.035,0.038
cleveland_heart_men,mean,0.76,0.792,0.747,0.755,0.795
cleveland_heart_men,std,0.045,0.05,0.047,0.046,0.044000000000000004
cleveland_heart_women,mean,0.915,0.898,0.8320000000000001,0.9059999999999999,0.903
cleveland_heart_women,std,0.047,0.038,0.049,0.049,0.057
cleveland_heart_drop_sex,mean,0.745,0.785,0.76,0.727,0.8109999999999999
cleveland_heart_drop_sex,std,0.025,0.025,0.026000000000000002,0.027000000000000003,0.036000000000000004
