datalabel, metric, KNN, LogisticRegression, LogisticRegressionWRegularization, DecisionTree, RandomForest
heart_data,mean,0.636,0.796,0.796,0.755,0.783
heart_data,std,0.027,0.023,0.023,0.028,0.027
heart_men_data,mean,0.633,0.774,0.775,0.727,0.762
heart_men_data,std,0.034,0.027,0.028,0.035,0.028
heart_women_data,mean,0.754,0.846,0.832,0.794,0.828
heart_women_data,std,0.047,0.046,0.045,0.052,0.046
cleveland_heart,mean,0.626,0.822,0.816,0.771,0.808
cleveland_heart,std,0.048,0.034,0.033,0.044,0.032
cleveland_heart_men,mean,0.694,0.781,0.775,0.733,0.773
cleveland_heart_men,std,0.048,0.046,0.048,0.055,0.047
cleveland_heart_women,mean,0.642,0.882,0.842,0.800,0.883
cleveland_heart_women,std,0.075,0.054,0.067,0.061,0.049
heart_drop_sex,mean,0.635,0.782,0.783,0.760,0.773
heart_drop_sex,std,0.028,0.024,0.024,0.028,0.025
cleveland_heart_drop_sex,mean,0.618,0.821,0.820,0.778,0.806
cleveland_heart_drop_sex,std,0.046,0.040,0.039,0.044,0.040
