datalabel,metric,KNN,LogReg,DecisionTree,RandomForest
heart,mean,0.758,0.792,0.759,0.779
heart,std,0.023,0.025,0.026,0.027
heart_men,mean,0.745,0.779,0.732,0.768
heart_men,std,0.030,0.031,0.029,0.030
heart_women,mean,0.796,0.829,0.778,0.814
heart_women,std,0.056,0.047,0.055,0.049
cl_heart,mean,0.811,0.827,0.783,0.818
cl_heart,std,0.038,0.032,0.043,0.036
cl_heart_men,mean,0.780,0.784,0.733,0.777
cl_heart_men,std,0.049,0.044,0.056,0.044
cl_heart_women,mean,0.902,0.880,0.807,0.887
cl_heart_women,std,0.045,0.056,0.070,0.053
heart_drop_sex,mean,0.760,0.790,0.755,0.781
heart_drop_sex,std,0.022,0.022,0.024,0.026
cl_heart_drop_sex,mean,0.775,0.821,0.783,0.807
cl_heart_drop_sex,std,0.039,0.036,0.048,0.039
