datalabel,metric,KNN,LogReg,DecisionTree,RandomForest
heart,mean,0.754,0.792,0.755,0.760
heart,std,0.022,0.023,0.023,0.023
heart_men,mean,0.734,0.776,0.735,0.734
heart_men,std,0.031,0.027,0.028,0.031
heart_women,mean,0.808,0.839,0.805,0.825
heart_women,std,0.053,0.048,0.050,0.050
cl_heart,mean,0.808,0.827,0.786,0.819
cl_heart,std,0.035,0.036,0.044,0.034
cl_heart_men,mean,0.757,0.784,0.735,0.766
cl_heart_men,std,0.050,0.045,0.050,0.046
cl_heart_women,mean,0.904,0.891,0.828,0.912
cl_heart_women,std,0.043,0.041,0.055,0.045
heart_drop_sex,mean,0.747,0.784,0.756,0.739
heart_drop_sex,std,0.023,0.025,0.029,0.025
cl_heart_drop_sex,mean,0.801,0.825,0.796,0.812
cl_heart_drop_sex,std,0.035,0.030,0.038,0.033
